"Name","EAN","Brand Name","Model Name","Color","Gender","Glasses Type","Lens Size","Temple Size","Bridge Size","Customer Sku","Order ID","Photo Config Name","Photo Config ID","Barcode"
"0883901104257_50.jpg","0883901104257","Calvin Klein","CK18120","1","Female","Eyeglasses","53","140","15","","","Front_STD_FBX","50","00883901104257"
"0883901104264_50.jpg","0883901104264","Calvin Klein","CK18120","201","Female","Eyeglasses","53","140","15","","","Front_STD_FBX","50","00883901104264"
"0883901104271_50.jpg","0883901104271","Calvin Klein","CK18120","511","Female","Eyeglasses","53","140","15","","","Front_STD_FBX","50","00883901104271"
"0883901104288_50.jpg","0883901104288","Calvin Klein","CK18120","408","Female","Eyeglasses","53","140","15","","","Front_STD_FBX","50","00883901104288"
"0883901108996_50.jpg","0883901108996","Calvin Klein Jeans","CKJ18105","001","Female","Eyeglasses","52","135","17","","","Front_STD_FBX","50","00883901108996"
"0883901109009_50.jpg","0883901109009","Calvin Klein Jeans","CKJ18105","201","Female","Eyeglasses","52","135","17","","","Front_STD_FBX","50","00883901109009"
"0883901109016_50.jpg","0883901109016","Calvin Klein Jeans","CKJ18105","305","Female","Eyeglasses","52","135","17","","","Front_STD_FBX","50","00883901109016"
"0883901109023_50.jpg","0883901109023","Calvin Klein Jeans","CKJ18105","603","Female","Eyeglasses","52","135","17","","","Front_STD_FBX","50","00883901109023"
"0883901122435_50.jpg","0883901122435","Calvin Klein","CK19573","281","Male","Eyeglasses","54","145","18","","","Front_STD_FBX","50","00883901122435"
"0883901122442_50.jpg","0883901122442","Calvin Klein","CK19573","405","Male","Eyeglasses","54","145","18","","","Front_STD_FBX","50","00883901122442"
"0883901122466_50.jpg","0883901122466","Calvin Klein","CK19573","971","Male","Eyeglasses","54","145","18","","","Front_STD_FBX","50","00883901122466"
"0883901124002_50.jpg","0883901124002","Calvin Klein Jeans","CKJ 20510 645","Red","Female","Eyeglasses","53","135","16","","","Front_STD_FBX","50","00883901124002"
"0883901135886_50.jpg","0883901135886","Calvin Klein","CKJ21614","51","Male","Eyeglasses","55","145","16","","","Front_STD_FBX","50","00883901135886"
"0883901136517_50.jpg","0883901136517","Calvin Klein","CK19573","210","Male","Eyeglasses","54","145","18","","","Front_STD_FBX","50","00883901136517"
"0883901142327_50.jpg","0883901142327","Calvin Klein","CK22102","001","Male","Eyeglasses","57","145","17","","","Front_STD_FBX","50","00883901142327"
"0883901142334_50.jpg","0883901142334","Calvin Klein","CK22102","2","Male","Eyeglasses","57","145","17","","","Front_STD_FBX","50","00883901142334"
"0883901142365_50.jpg","0883901142365","Calvin Klein","CK22508","001","Male","Eyeglasses","55","145","16","","","Front_STD_FBX","50","00883901142365"
"0883901142372_50.jpg","0883901142372","Calvin Klein","CK22508","2","Male","Eyeglasses","55","145","16","","","Front_STD_FBX","50","00883901142372"
"0883901142389_50.jpg","0883901142389","Calvin Klein","CK22508","070","Male","Eyeglasses","55","145","16","","","Front_STD_FBX","50","00883901142389"
"0883901143539_50.jpg","0883901143539","Calvin Klein Jeans","CKJ 22207 002","0","Male","Eyeglasses","55","145","18","","","Front_STD_FBX","50","00883901143539"
"0883901143546_50.jpg","0883901143546","Calvin Klein Jeans","CKJ22207","50","Male","Eyeglasses","55","145","18","","","Front_STD_FBX","50","00883901143546"
"0883901143553_50.jpg","0883901143553","Calvin Klein Jeans","CKJ 22207 400","0","Male","Eyeglasses","55","145","18","","","Front_STD_FBX","50","00883901143553"
"0883901143744_50.jpg","0883901143744","Calvin Klein Jeans","CKJ 22615 001","0","Male","Eyeglasses","55","145","16","","","Front_STD_FBX","50","00883901143744"
"0883901143768_50.jpg","0883901143768","Calvin Klein Jeans","CKJ 22615 400","400","Male","Eyeglasses","55","145","16","","","Front_STD_FBX","50","00883901143768"
"0883901143775_50.jpg","0883901143775","Calvin Klein Jeans","CKJ22615","971","Male","Eyeglasses","55","145","16","","","Front_STD_FBX","50","00883901143775"
"0883901143935_50.jpg","0883901143935","Calvin Klein Jeans","CKJ 22622 432","432","Male","Eyeglasses","51","140","17","","","Front_STD_FBX","50","00883901143935"
"0883901143942_50.jpg","0883901143942","Calvin Klein Jeans","CKJ 22622 679","0","Male","Eyeglasses","51","140","17","","","Front_STD_FBX","50","00883901143942"
"0883901148213_50.jpg","0883901148213","Calvin Klein","CK22538","001","Male","Eyeglasses","55","145","18","","","Front_STD_FBX","50","00883901148213"
"0883901148497_50.jpg","0883901148497","Calvin Klein Jeans","CKJ22649 001","0","Male","Eyeglasses","55","145","18","","","Front_STD_FBX","50","00883901148497"
"0883901148589_50.jpg","0883901148589","Calvin Klein","CK22544","1","Male","Eyeglasses","55","145","16","","","Front_STD_FBX","50","00883901148589"
"0883901148596_50.jpg","0883901148596","Calvin Klein","CK22544","240","Male","Eyeglasses","55","145","16","","","Front_STD_FBX","50","00883901148596"
"0883901148602_50.jpg","0883901148602","Calvin Klein","CK22544","340","Male","Eyeglasses","55","145","16","","","Front_STD_FBX","50","00883901148602"
"0883901148718_50.jpg","0883901148718","Calvin Klein","CK22544","460","Male","Eyeglasses","55","145","16","","","Front_STD_FBX","50","00883901148718"
"0883901148817_50.jpg","0883901148817","Calvin Klein Jeans","CKJ22302","001","Male","Eyeglasses","48","130","15","","","Front_STD_FBX","50","00883901148817"
"0883901148893_50.jpg","0883901148893","Calvin Klein Jeans","CKJ22644","001","Male","Eyeglasses","56","145","16","","","Front_STD_FBX","50","00883901148893"
"0883901149036_50.jpg","0883901149036","Calvin Klein Jeans","CKJ22646","1","Male","Eyeglasses","54","145","15","","","Front_STD_FBX","50","00883901149036"
"0883901149050_50.jpg","0883901149050","Calvin Klein Jeans","CKJ22646","432","Male","Eyeglasses","54","145","15","","","Front_STD_FBX","50","00883901149050"
"0883901149067_50.jpg","0883901149067","Calvin Klein Jeans","CKJ22646","600","Male","Eyeglasses","54","145","15","","","Front_STD_FBX","50","00883901149067"
"0883901149319_50.jpg","0883901149319","Calvin Klein","CK22547","002","Male","Eyeglasses","54","145","16","","","Front_STD_FBX","50","00883901149319"
"0883901149333_50.jpg","0883901149333","Calvin Klein","CK22547","438","Male","Eyeglasses","54","145","16","","","Front_STD_FBX","50","00883901149333"
"0883901149418_50.jpg","0883901149418","Calvin Klein Jeans","CKJ22649 400","0","Male","Eyeglasses","55","145","18","","","Front_STD_FBX","50","00883901149418"
"0883901149432_50.jpg","0883901149432","Calvin Klein Jeans","CKJ22650 001","0","Male","Eyeglasses","51","145","19","","","Front_STD_FBX","50","00883901149432"
"0883901149456_50.jpg","0883901149456","Calvin Klein Jeans","CKJ22650 400","0","Male","Eyeglasses","51","145","19","","","Front_STD_FBX","50","00883901149456"
"0883901149463_50.jpg","0883901149463","Calvin Klein Jeans","CKJ22650","971","Male","Eyeglasses","51","145","19","","","Front_STD_FBX","50","00883901149463"
"7895653272880_50.jpg","7895653272880","Emporio Armani","AX3108U","8078","Male","Eyeglasses","56","145","16","","","Front_STD_FBX","50","07895653272880"
"7895653272910_50.jpg","7895653272910","Emporio Armani","AX3108U","8333","Male","Eyeglasses","56","145","16","","","Front_STD_FBX","50","07895653272910"
"8053672215502_50.jpg","8053672215502","A/X Armani Exchange","AX1010","6050","Female","Eyeglasses","53","140","16","","","Front_STD_FBX","50","08053672215502"
"8053672365603_50.jpg","8053672365603","Vogue Eyewear","VO2763","2277","Female","Eyeglasses","51","140","17","","","Front_STD_FBX","50","08053672365603"
"8053672365634_50.jpg","8053672365634","Vogue Eyewear","VO2763","2277","Female","Eyeglasses","53","140","17","","","Front_STD_FBX","50","08053672365634"
"8053672467970_50.jpg","8053672467970","Emporio Armani","EA 3069","5063 B","Male","Eyeglasses","53","140","17","","","Front_STD_FBX","50","08053672467970"
"8053672467987_50.jpg","8053672467987","Emporio Armani","EA3069","5063","Male","Eyeglasses","55","140","17","2228122","","Front_STD_FBX","50","08053672467987"
"8053672468014_50.jpg","8053672468014","Emporio Armani","EA3069","5474","Male","Eyeglasses","53","140","17","","","Front_STD_FBX","50","08053672468014"
"8053672468021_50.jpg","8053672468021","Emporio Armani","EA3069","5474","Male","Eyeglasses","55","140","17","2219135","","Front_STD_FBX","50","08053672468021"
"8053672468113_50.jpg","8053672468113","Emporio Armani","EA 1041","3094","Male","Eyeglasses","55","140","17","2218954","","Front_STD_FBX","50","08053672468113"
"8053672468144_50.jpg","8053672468144","Emporio Armani","EA1041","3131","Male","Eyeglasses","53","140","17","","","Front_STD_FBX","50","08053672468144"
"8053672468151_50.jpg","8053672468151","Emporio Armani","EA1041","3131","Male","Eyeglasses","55","140","17","2228120","","Front_STD_FBX","50","08053672468151"
"8053672486384_50.jpg","8053672486384","Vogue Eyewear","VO2998","W44","Female","Eyeglasses","52","140","16","","","Front_STD_FBX","50","08053672486384"
"8053672486391_50.jpg","8053672486391","Vogue Eyewear","VO2998","W44","Female","Eyeglasses","54","140","16","","","Front_STD_FBX","50","08053672486391"
"8053672486407_50.jpg","8053672486407","Vogue Eyewear","VO2998","W656","Female","Eyeglasses","52","140","16","","","Front_STD_FBX","50","08053672486407"
"8053672486414_50.jpg","8053672486414","Vogue Eyewear","VO2998","W656","Female","Eyeglasses","54","135","16","","","Front_STD_FBX","50","08053672486414"
"8053672486445_50.jpg","8053672486445","Vogue Eyewear","VO2999B","2343","Female","Eyeglasses","52","135","16","","","Front_STD_FBX","50","08053672486445"
"8053672486452_50.jpg","8053672486452","Vogue Eyewear","VO2999B","2343","Female","Eyeglasses","54","135","16","","","Front_STD_FBX","50","08053672486452"
"8053672486483_50.jpg","8053672486483","Vogue Eyewear","VO2999B","W827","Female","Eyeglasses","52","135","16","","","Front_STD_FBX","50","08053672486483"
"8053672576757_50.jpg","8053672576757","Emporio Armani","EA1052","3094","Male","Eyeglasses","55","140","17","","","Front_STD_FBX","50","08053672576757"
"8053672576764_50.jpg","8053672576764","Emporio Armani","EA 1052","3094 A","Male","Eyeglasses","53","140","17","","","Front_STD_FBX","50","08053672576764"
"8053672576795_50.jpg","8053672576795","Emporio Armani","EA1052","3155","Male","Eyeglasses","55","140","17","","","Front_STD_FBX","50","08053672576795"
"8053672576801_50.jpg","8053672576801","Emporio Armani","EA 1052","3155 A","Male","Eyeglasses","53","140","17","","","Front_STD_FBX","50","08053672576801"
"8053672640939_50.jpg","8053672640939","Emporio Armani","EA3099","5017","Male","Eyeglasses","54","140","16","","","Front_STD_FBX","50","08053672640939"
"8053672640946_50.jpg","8053672640946","Emporio Armani","EA3099","5017","Female","Eyeglasses","52","140","16","","","Front_STD_FBX","50","08053672640946"
"8053672640953_50.jpg","8053672640953","Emporio Armani","EA3099","5026","Female","Eyeglasses","54","140","16","","","Front_STD_FBX","50","08053672640953"
"8053672640960_50.jpg","8053672640960","Emporio Armani","EA3099","5026","Male","Eyeglasses","52","140","16","","","Front_STD_FBX","50","08053672640960"
"8053672640991_50.jpg","8053672640991","Emporio Armani","EA3099","5553","Female","Eyeglasses","54","140","16","","","Front_STD_FBX","50","08053672640991"
"8053672641004_50.jpg","8053672641004","Emporio Armani","EA3099","5553","Male","Eyeglasses","52","140","16","","","Front_STD_FBX","50","08053672641004"
"8053672720778_50.jpg","8053672720778","Emporio Armani","EA1041","3175","Male","Eyeglasses","55","140","17","","","Front_STD_FBX","50","08053672720778"
"8053672724400_50.jpg","8053672724400","Vogue Eyewear","VO4050","352","Female","Eyeglasses","51","135","17","","","Front_STD_FBX","50","08053672724400"
"8053672724424_50.jpg","8053672724424","Vogue Eyewear","VO4050","997","Female","Eyeglasses","51","135","17","2211333","","Front_STD_FBX","50","08053672724424"
"8053672724448_50.jpg","8053672724448","Vogue Eyewear","VO4050","323","Female","Eyeglasses","51","135","17","","","Front_STD_FBX","50","08053672724448"
"8053672724455_50.jpg","8053672724455","Vogue Eyewear","VO4050","323","Female","Eyeglasses","53","140","17","","","Front_STD_FBX","50","08053672724455"
"8053672724462_50.jpg","8053672724462","Vogue Eyewear","VO4050","848","Female","Eyeglasses","51","135","17","","","Front_STD_FBX","50","08053672724462"
"8053672759037_50.jpg","8053672759037","Vogue Eyewear","VO5163","W44","Female","Eyeglasses","53","140","16","","","Front_STD_FBX","50","08053672759037"
"8053672759044_50.jpg","8053672759044","Vogue Eyewear","VO5163","2386","Female","Eyeglasses","51","140","16","","","Front_STD_FBX","50","08053672759044"
"8053672760262_50.jpg","8053672760262","Vogue","VO4067","997","Female","Eyeglasses","53","140","18","","","Angle standard 50","50","08053672760262"
"8053672798821_50.jpg","8053672798821","Versace","CLEAR MEDUSA VE 3249","108","Female","Eyeglasses","54","140","16","","","Front_STD_FBX","50","08053672798821"
"8053672816884_50.jpg","8053672816884","Emporio Armani","EA1041","3109","Male","Eyeglasses","53","140","17","","","Front_STD_FBX","50","08053672816884"
"8053672816945_50.jpg","8053672816945","Emporio Armani","EA1041","3112","Male","Eyeglasses","53","140","17","","","Front_STD_FBX","50","08053672816945"
"8053672816952_50.jpg","8053672816952","Emporio Armani","EA 1041","3112 A","Male","Eyeglasses","55","140","17","","","Front_STD_FBX","50","08053672816952"
"8053672816969_50.jpg","8053672816969","Emporio Armani","EA3069","Noir {5649)","Male","Eyeglasses","53","140","17","","","Front_STD_FBX","50","08053672816969"
"8053672864632_50.jpg","8053672864632","Emporio Armani","EA3099","5677","Female","Eyeglasses","52","140","16","","","Front_STD_FBX","50","08053672864632"
"8053672864656_50.jpg","8053672864656","Emporio Armani","EA3099","5542","Female","Eyeglasses","52","140","16","","","Front_STD_FBX","50","08053672864656"
"8053672945782_50.jpg","8053672945782","Emporio Armani","EA 3144","5001 A","Male","Eyeglasses","50","145","20","","","Front_STD_FBX","50","08053672945782"
"8053672945799_50.jpg","8053672945799","Emporio Armani","EA 3144","5089","Male","Eyeglasses","48","140","20","","","Front_STD_FBX","50","08053672945799"
"8053672945867_50.jpg","8053672945867","Emporio Armani","EA 3144","5728","Male","Eyeglasses","50","145","20","","","Front_STD_FBX","50","08053672945867"
"8053672967937_50.jpg","8053672967937","Vogue Eyewear","VO4108","280","Female","Eyeglasses","49","135","18","","","Front_STD_FBX","50","08053672967937"
"8053672967944_50.jpg","8053672967944","Vogue Eyewear","0VO4108","280","Female","Eyeglasses","51","135","18","","","Front_STD_FBX","50","08053672967944"
"8053672967951_50.jpg","8053672967951","Vogue Eyewear","VO4108","5078","Female","Eyeglasses","49","135","18","","","Front_STD_FBX","50","08053672967951"
"8053672968002_50.jpg","8053672968002","Vogue","VO4108","5101","Female","Eyeglasses","51","135","18","","","Angle standard 50","50","08053672968002"
"8056262003510_50.jpg","8056262003510","Vogue","VO5552","1981","Female","Eyeglasses","51","140","17","","","Angle standard 50","50","08056262003510"
"8056262003626_50.jpg","8056262003626","Vogue","0VO5552","W44","Female","Eyeglasses","53","140","17","","","Angle standard 50","50","08056262003626"
"8056262003640_50.jpg","8056262003640","Vogue","0VO5552","W656","Female","Eyeglasses","53","140","17","","","Angle standard 50","50","08056262003640"
"8056262004142_50.jpg","8056262004142","Vogue","0VO5562","2386","Female","Eyeglasses","54","140","17","","","Angle standard 50","50","08056262004142"
"8056262004180_50.jpg","8056262004180","Vogue","0VO5562","2939","Female","Eyeglasses","54","140","17","","","Angle standard 50","50","08056262004180"
"8056262004227_50.jpg","8056262004227","Vogue","0VO5562","W44","Female","Eyeglasses","54","140","17","","","Angle standard 50","50","08056262004227"
"8056262005309_50.jpg","8056262005309","Vogue","0VO5563","2939","Female","Eyeglasses","51","140","17","","","Angle standard 50","50","08056262005309"
"8056262005323_50.jpg","8056262005323","Vogue","0VO5563","2966","Female","Eyeglasses","51","140","17","","","Angle standard 50","50","08056262005323"
"8056262005347_50.jpg","8056262005347","Vogue","0VO5563","2990","Female","Eyeglasses","51","140","17","","","Angle standard 50","50","08056262005347"
"8056262005354_50.jpg","8056262005354","Vogue","0VO5563","2990","Female","Eyeglasses","53","17","17","","","Angle standard 50","50","08056262005354"
"8056262005361_50.jpg","8056262005361","Vogue","0VO5563","W44","Female","Eyeglasses","51","140","17","","","Angle standard 50","50","08056262005361"
"8056262005378_50.jpg","8056262005378","Vogue","0VO5563","W44","Female","Eyeglasses","53","17","17","","","Angle standard 50","50","08056262005378"
"8056262005385_50.jpg","8056262005385","Vogue","0VO5563","W656","Female","Eyeglasses","51","140","17","","","Angle standard 50","50","08056262005385"
"8056262005408_50.jpg","8056262005408","Vogue","0VO5563","W745","Female","Eyeglasses","51","140","17","","","Angle standard 50","50","08056262005408"
"8056262005521_50.jpg","8056262005521","Vogue","0VO4307","280","Female","Eyeglasses","52","17","17","","","Angle standard 50","50","08056262005521"
"8056262005576_50.jpg","8056262005576","Vogue","0VO4307","5149","Female","Eyeglasses","54","140","17","","","Angle standard 50","50","08056262005576"
"8056262005590_50.jpg","8056262005590","Vogue","0VO4307","5152","Female","Eyeglasses","54","140","17","","","Angle standard 50","50","08056262005590"
"8056262005613_50.jpg","8056262005613","Vogue","0VO4307","848","Female","Eyeglasses","54","140","17","","","Angle standard 50","50","08056262005613"
"8056262012338_50.jpg","8056262012338","Vogue","0VO5556","W44","Female","Eyeglasses","53","140","18","","","Angle standard 50","50","08056262012338"
"8056262012352_50.jpg","8056262012352","Vogue","0VO5556","2386","Female","Eyeglasses","53","140","18","","","Angle standard 50","50","08056262012352"
"8056262012789_50.jpg","8056262012789","Vogue","0VO5378","3150","Female","Eyeglasses","53","140","17","","","Angle standard 50","50","08056262012789"
"8056262019207_50.jpg","8056262019207","Vogue","0VO5487B","2942","Female","Eyeglasses","54","140","17","","","Angle standard 50","50","08056262019207"
"8056262019221_50.jpg","8056262019221","Vogue","0VO5487B","2989","Female","Eyeglasses","54","140","17","","","Angle standard 50","50","08056262019221"
"8056262035061_50.jpg","8056262035061","Emporio Armani","0EA3240U","5001","Male","Eyeglasses","52","145","20","","","Angle standard 50","50","08056262035061"
"8056262035085_50.jpg","8056262035085","Emporio Armani","0EA3240U","5088","Male","Eyeglasses","52","145","20","","","Angle standard 50","50","08056262035085"
"8056262035153_50.jpg","8056262035153","Emporio Armani","0EA3240U","6101","Male","Eyeglasses","50","145","20","","","Angle standard 50","50","08056262035153"
"8056262035580_50.jpg","8056262035580","Emporio Armani","0EA3233","5001","Male","Eyeglasses","54","145","17","","","Angle standard 50","50","08056262035580"
"8056262035603_50.jpg","8056262035603","Emporio Armani","0EA3233","5763","Male","Eyeglasses","54","145","17","","","Angle standard 50","50","08056262035603"
"8056262035641_50.jpg","8056262035641","Emporio Armani","0EA3233","6103","Male","Eyeglasses","54","145","17","","","Angle standard 50","50","08056262035641"
"8056262189832_50.jpg","8056262189832","Armani-Exchange","AX1068","56","Both","Eyeglasses","56","145","18","","","Angle standard 50","50","08056262189832"
"8056262189863_50.jpg","8056262189863","Armani-Exchange","AX1068","56","Both","Eyeglasses","56","145","18","","","Angle standard 50","50","08056262189863"
"8056262193174_50.jpg","8056262193174","Vogue","0VO4328D","5152","Female","Eyeglasses","54","145","19","","","Angle standard 50","50","08056262193174"
"8056262227558_50.jpg","8056262227558","Vogue","0VO5602","2990","Female","Eyeglasses","52","140","16","","","Angle standard 50","50","08056262227558"
"8056262227565_50.jpg","8056262227565","Vogue","0VO5602","2990","Female","Eyeglasses","54","140","16","","","Angle standard 50","50","08056262227565"
"8056262247099_50.jpg","8056262247099","Vogue","0VO4319B","5149","Female","Eyeglasses","52","140","17","","","Angle standard 50","50","08056262247099"
"8056597112376_50.jpg","8056597112376","Emporio Armani","EA1041","3003","Male","Eyeglasses","55","140","17","","","Front_STD_FBX","50","08056597112376"
"8056597112383_50.jpg","8056597112383","Emporio Armani","EA3069","5001","Male","Eyeglasses","55","140","17","","","Front_STD_FBX","50","08056597112383"
"8056597112390_50.jpg","8056597112390","Emporio Armani","0EA3069","5001","Male","Eyeglasses","53","140","17","2220465","","Front_STD_FBX","50","08056597112390"
"8056597112406_50.jpg","8056597112406","Emporio Armani","EA3069","5755","Male","Eyeglasses","55","140","17","","","Front_STD_FBX","50","08056597112406"
"8056597175937_50.jpg","8056597175937","Emporio Armani","EA1041","3094","Male","Eyeglasses","57","140","17","","","Front_STD_FBX","50","08056597175937"
"8056597177283_50.jpg","8056597177283","Emporio Armani","EA3165","5042","Male","Eyeglasses","55","145","19","","","Front_STD_FBX","50","08056597177283"
"8056597177290_50.jpg","8056597177290","Emporio Armani","0EA3165","5042","Male","Eyeglasses","53","145","19","","","Front_STD_FBX","50","08056597177290"
"8056597234047_50.jpg","8056597234047","Vogue Eyewear","VO4178","280","Female","Eyeglasses","50","135","18","","","Front_STD_FBX","50","08056597234047"
"8056597234054_50.jpg","8056597234054","Vogue Eyewear","VO4178","280","Female","Eyeglasses","52","135","18","","","Front_STD_FBX","50","08056597234054"
"8056597234061_50.jpg","8056597234061","Vogue Eyewear","VO4178","5089","Female","Eyeglasses","50","135","18","","","Front_STD_FBX","50","08056597234061"
"8056597234139_50.jpg","8056597234139","Vogue Eyewear","VO4178","848","Female","Eyeglasses","52","135","18","","","Front_STD_FBX","50","08056597234139"
"8056597234160_50.jpg","8056597234160","Vogue Eyewear","VO4178","5078","Female","Eyeglasses","50","135","18","","","Front_STD_FBX","50","08056597234160"
"8056597234177_50.jpg","8056597234177","Vogue Eyewear","VO4178","5078","Female","Eyeglasses","52","135","18","","","Front_STD_FBX","50","08056597234177"
"8056597338912_50.jpg","8056597338912","Vogue Eyewear","VO5356","W745","Female","Eyeglasses","52","140","17","","","Front_STD_FBX","50","08056597338912"
"8056597338943_50.jpg","8056597338943","Vogue Eyewear","0VO5356","2864","Female","Eyeglasses","52","140","17","","","Front_STD_FBX","50","08056597338943"
"8056597413244_50.jpg","8056597413244","Emporio Armani","EA3181","5017","Male","Eyeglasses","52","145","18","","","Front_STD_FBX","50","08056597413244"
"8056597413251_50.jpg","8056597413251","Emporio Armani","EA3181","5017","Male","Eyeglasses","54","145","18","","","Front_STD_FBX","50","08056597413251"
"8056597413275_50.jpg","8056597413275","Emporio Armani","EA3181","5042","Male","Eyeglasses","54","145","18","","","Front_STD_FBX","50","08056597413275"
"8056597413299_50.jpg","8056597413299","Emporio Armani","EA3181","5088","Male","Eyeglasses","54","145","18","","","Front_STD_FBX","50","08056597413299"
"8056597418997_50.jpg","8056597418997","Vogue Eyewear","VO5378","W44","Female","Eyeglasses","51","140","17","","","Front_STD_FBX","50","08056597418997"
"8056597419000_50.jpg","8056597419000","Vogue Eyewear","VO5378","W44","Female","Eyeglasses","53","140","17","","","Front_STD_FBX","50","08056597419000"
"8056597419024_50.jpg","8056597419024","Vogue Eyewear","VO5378","2386","Female","Eyeglasses","53","140","17","","","Front_STD_FBX","50","08056597419024"
"8056597419048_50.jpg","8056597419048","Vogue Eyewear","VO5378","2907","Female","Eyeglasses","53","140","17","","","Front_STD_FBX","50","08056597419048"
"8056597419086_50.jpg","8056597419086","Vogue Eyewear","VO5378","2909","Female","Eyeglasses","53","140","17","","","Front_STD_FBX","50","08056597419086"
"8056597446327_50.jpg","8056597446327","Vogue Eyewear","VO5387","W656","Female","Eyeglasses","53","140","17","","","Front_STD_FBX","50","08056597446327"
"8056597446389_50.jpg","8056597446389","Vogue Eyewear","VO5387","2925","Female","Eyeglasses","53","140","17","","","Front_STD_FBX","50","08056597446389"
"8056597446396_50.jpg","8056597446396","Vogue Eyewear","VO5387","2925","Female","Eyeglasses","51","140","17","","","Front_STD_FBX","50","08056597446396"
"8056597519731_50.jpg","8056597519731","Vogue Eyewear","VO5413","2903","Female","Eyeglasses","54","140","14","","","Front_STD_FBX","50","08056597519731"
"8056597522700_50.jpg","8056597522700","Vogue Eyewear","0VO4226","848","Female","Eyeglasses","53","135","17","","","Front_STD_FBX","50","08056597522700"
"8056597522762_50.jpg","8056597522762","Vogue Eyewear","0VO4226","5155","Female","Eyeglasses","53","135","17","","","Front_STD_FBX","50","08056597522762"
"8056597534215_50.jpg","8056597534215","Emporio Armani","EA3165","5870","Male","Eyeglasses","53","145","19","","","Front_STD_FBX","50","08056597534215"
"8056597602099_50.jpg","8056597602099","Vogue Eyewear","VO5420","W44","Female","Eyeglasses","53","140","17","","","Front_STD_FBX","50","08056597602099"
"8056597602136_50.jpg","8056597602136","Vogue Eyewear","VO5420","W656","Female","Eyeglasses","53","140","17","","","Front_STD_FBX","50","08056597602136"
"8056597602181_50.jpg","8056597602181","Vogue Eyewear","VO5420","2804","Female","Eyeglasses","51","140","17","","","Front_STD_FBX","50","08056597602181"
"8056597604178_50.jpg","8056597604178","Vogue Eyewear","VO5424B","2864","Female","Eyeglasses","53","140","18","","","Front_STD_FBX","50","08056597604178"
"8056597604215_50.jpg","8056597604215","Vogue Eyewear","VO5424B","2989","Female","Eyeglasses","53","140","18","","","Front_STD_FBX","50","08056597604215"
"8056597604239_50.jpg","8056597604239","Vogue Eyewear","VO5424B","W44","Female","Eyeglasses","53","140","18","","","Front_STD_FBX","50","08056597604239"
"8056597604253_50.jpg","8056597604253","Vogue Eyewear","VO5424B","W656","Female","Eyeglasses","53","140","18","","","Front_STD_FBX","50","08056597604253"
"8056597607674_50.jpg","8056597607674","Vogue Eyewear","VO5421","2386","Female","Eyeglasses","53","140","18","","","Front_STD_FBX","50","08056597607674"
"8056597607735_50.jpg","8056597607735","Vogue Eyewear","VO5421","2992","Female","Eyeglasses","53","140","18","","","Front_STD_FBX","50","08056597607735"
"8056597614214_50.jpg","8056597614214","Emporio Armani","EA3193","5025","Male","Eyeglasses","0","0","0","","","Front_STD_FBX","50","08056597614214"
"8056597614238_50.jpg","8056597614238","Emporio Armani","EA3193","5097","Female","Eyeglasses","54","140","16","","","Front_STD_FBX","50","08056597614238"
"8056597614252_50.jpg","8056597614252","Emporio Armani","EA3193","5410","Female","Eyeglasses","54","140","16","","","Front_STD_FBX","50","08056597614252"
"8056597614269_50.jpg","8056597614269","Emporio Armani","EA3193","5410","Female","Eyeglasses","52","140","16","","","Angle standard 50","50","08056597614269"
"8056597614276_50.jpg","8056597614276","Emporio Armani","EA3193","5875","Female","Eyeglasses","54","140","16","","","Front_STD_FBX","50","08056597614276"
"8056597619400_50.jpg","8056597619400","Emporio Armani","EA3196","5001","Male","Eyeglasses","54","145","17","1559869","","Angle standard 50","50","08056597619400"
"8056597619448_50.jpg","8056597619448","Emporio Armani","0EA3196","5088","Male","Eyeglasses","54","145","17","","","Front_STD_FBX","50","08056597619448"
"8056597619486_50.jpg","8056597619486","Emporio Armani","0EA3196","5437","Male","Eyeglasses","54","145","17","","","Front_STD_FBX","50","08056597619486"
"8056597619493_50.jpg","8056597619493","Emporio Armani","EA3196","5437","Male","Eyeglasses","56","145","17","","","Front_STD_FBX","50","08056597619493"
"8056597620918_50.jpg","8056597620918","Emporio Armani","EA3196","5088","Male","Eyeglasses","56","145","17","","","Front_STD_FBX","50","08056597620918"
"8056597623674_50.jpg","8056597623674","Vogue Eyewear","VO5356","2761","Female","Eyeglasses","50","140","17","","","Front_STD_FBX","50","08056597623674"
"8056597623704_50.jpg","8056597623704","Vogue Eyewear","VO5356","2804","Female","Eyeglasses","52","140","17","","","Front_STD_FBX","50","08056597623704"
"8056597623940_50.jpg","8056597623940","Vogue Eyewear","VO5378","2826","Female","Eyeglasses","51","140","17","","","Front_STD_FBX","50","08056597623940"
"8056597623957_50.jpg","8056597623957","Vogue Eyewear","VO5378","2826","Female","Eyeglasses","53","140","17","","","Front_STD_FBX","50","08056597623957"
"8056597644150_50.jpg","8056597644150","Emporio Armani","EA3181","5001","Male","Eyeglasses","54","145","18","","","Front_STD_FBX","50","08056597644150"
"8056597644167_50.jpg","8056597644167","Emporio Armani","EA3181","5026","Male","Eyeglasses","52","145","18","","","Front_STD_FBX","50","08056597644167"
"8056597646734_50.jpg","8056597646734","Emporio Armani","EA1052","3070","Male","Eyeglasses","55","140","17","","","Front_STD_FBX","50","08056597646734"
"8056597646772_50.jpg","8056597646772","Emporio Armani","EA1052","3085","Male","Eyeglasses","55","140","17","","","Front_STD_FBX","50","08056597646772"
"8056597711494_50.jpg","8056597711494","Vogue Eyewear","0VO5452","2942","Female","Eyeglasses","53","140","17","","","Front_STD_FBX","50","08056597711494"
"8056597711524_50.jpg","8056597711524","Vogue Eyewear","VO5452","2884","Female","Eyeglasses","53","140","17","","","Front_STD_FBX","50","08056597711524"
"8056597711593_50.jpg","8056597711593","Vogue Eyewear","VO5452","W656","Female","Eyeglasses","53","140","17","","","Front_STD_FBX","50","08056597711593"
"8056597711616_50.jpg","8056597711616","Vogue Eyewear","VO5452","W44","Female","Eyeglasses","53","140","17","","","Front_STD_FBX","50","08056597711616"
"8056597711838_50.jpg","8056597711838","Vogue Eyewear","VO5451","3024","Female","Eyeglasses","51","140","16","","","Front_STD_FBX","50","08056597711838"
"8056597711845_50.jpg","8056597711845","Vogue Eyewear","VO5451","3024","Female","Eyeglasses","53","140","16","","","Front_STD_FBX","50","08056597711845"
"8056597711913_50.jpg","8056597711913","Vogue Eyewear","VO5451","W656","Female","Eyeglasses","53","140","16","","","Front_STD_FBX","50","08056597711913"
"8056597711920_50.jpg","8056597711920","Vogue Eyewear","0VO5451","W656","Female","Eyeglasses","51","140","16","2232117","","Front_STD_FBX","50","08056597711920"
"8056597711944_50.jpg","8056597711944","Vogue Eyewear","VO5451","W44","Female","Eyeglasses","53","140","16","","","Front_STD_FBX","50","08056597711944"
"8056597713665_50.jpg","8056597713665","Vogue","VO5461","2826","Female","Eyeglasses","51","135","17","","","Angle standard 50","50","08056597713665"
"8056597754712_50.jpg","8056597754712","Emporio Armani","EA3069","5012","Male","Eyeglasses","55","140","17","","","Front_STD_FBX","50","08056597754712"
"8056597754736_50.jpg","8056597754736","Emporio Armani","EA3069","5126","Male","Eyeglasses","55","140","17","","","Front_STD_FBX","50","08056597754736"
"8056597754743_50.jpg","8056597754743","Emporio Armani","EA3069","5126","Male","Eyeglasses","53","140","17","","","Front_STD_FBX","50","08056597754743"
"8056597755818_50.jpg","8056597755818","Emporio Armani","EA3211","5035","Female","Eyeglasses","51","140","17","","","Front_STD_FBX","50","08056597755818"
"8056597814034_50.jpg","8056597814034","Vogue","VO4274","280","Female","Eyeglasses","51","135","17","","","Angle standard 50","50","08056597814034"
"8056597814560_50.jpg","8056597814560","Vogue Eyewear","0VO4271B","5078","Female","Eyeglasses","52","135","16","","","Front_STD_FBX","50","08056597814560"
"8056597814638_50.jpg","8056597814638","Vogue","VO4271B","5152","Female","Eyeglasses","52","135","16","","","Angle standard 50","50","08056597814638"
"8056597826099_50.jpg","8056597826099","Vogue","VO4178","323","Female","Eyeglasses","50","135","18","1611138","","Angle standard 50","50","08056597826099"
"8056597826105_50.jpg","8056597826105","Vogue Eyewear","VO4178","323","Female","Eyeglasses","52","135","18","","","Front_STD_FBX","50","08056597826105"
"8056597826129_50.jpg","8056597826129","Vogue Eyewear","VO4178","5152","Female","Eyeglasses","52","135","18","","","Front_STD_FBX","50","08056597826129"
"8056597850049_50.jpg","8056597850049","Emporio Armani","EA3099","5410","Female","Eyeglasses","54","140","16","","","Front_STD_FBX","50","08056597850049"
"8056597850056_50.jpg","8056597850056","Emporio Armani","EA3099","5410","Female","Eyeglasses","52","140","16","1613242","","Angle standard 50","50","08056597850056"
"8056597850100_50.jpg","8056597850100","Emporio Armani","EA3193","5017","Female","Eyeglasses","54","140","16","","","Front_STD_FBX","50","08056597850100"
"8056597850124_50.jpg","8056597850124","Emporio Armani","EA3193","5544","Female","Eyeglasses","54","140","16","","","Front_STD_FBX","50","08056597850124"
"8056597926027_50.jpg","8056597926027","Vogue Eyewear","VO4280","5078","Female","Eyeglasses","52","140","18","","","Front_STD_FBX","50","08056597926027"
"8056597926058_50.jpg","8056597926058","Vogue","VO4280","5152","Female","Eyeglasses","50","140","18","","","Angle standard 50","50","08056597926058"
"8056597926522_50.jpg","8056597926522","Vogue Eyewear","VO5518","2942","Female","Eyeglasses","53","140","16","","","Front_STD_FBX","50","08056597926522"
"8056597926560_50.jpg","8056597926560","Vogue","VO5518","3084","Female","Eyeglasses","53","140","16","","","Angle standard 50","50","08056597926560"
"8056597926584_50.jpg","8056597926584","Vogue Eyewear","VO5518","W44","Female","Eyeglasses","53","140","16","","","Front_STD_FBX","50","08056597926584"
"8056597926607_50.jpg","8056597926607","Vogue Eyewear","VO5518","W656","Female","Eyeglasses","53","140","16","","","Front_STD_FBX","50","08056597926607"
"8056597926621_50.jpg","8056597926621","Vogue Eyewear","VO5518","W745","Female","Eyeglasses","53","140","16","","","Front_STD_FBX","50","08056597926621"
"8056597934589_50.jpg","8056597934589","Vogue Eyewear","VO4298T","5191","Female","Eyeglasses","53","140","18","","","Front_STD_FBX","50","08056597934589"
"8056597934596_50.jpg","8056597934596","Vogue","VO4298T","5192","Female","Eyeglasses","53","140","18","","","Angle standard 50","50","08056597934596"
"8056597934602_50.jpg","8056597934602","Vogue Eyewear","0VO4298T","5193","Female","Eyeglasses","53","140","18","","","Front_STD_FBX","50","08056597934602"
"8056597944533_50.jpg","8056597944533","Emporio Armani","0EA1152","3363","Female","Eyeglasses","52","140","17","","","Angle standard 50","50","08056597944533"
